{"datarc-post-sidebar":{"search-2":{"title":""},"recent-posts-2":{"title":"","number":5},"recent-comments-2":{"title":"","number":5},"archives-2":{"title":"","count":0,"dropdown":0},"categories-2":{"title":"","count":0,"hierarchical":0,"dropdown":0},"meta-2":{"title":""}},"footer-1":{"text-2":{"title":"ABOUT AGENCY","text":"The world has become so fast paced that people don\u2019t want to stand by reading a page of information, they would much rather look at a presentation and understand the message. It has come to a point","filter":true,"visual":true}},"footer-2":{"nav_menu-2":{"title":"NAVIGATION LINKS","nav_menu":2}},"footer-3":{"datarc_newsletter_widget-2":{"title":"About","actionurl":"","desc":"For business professionals caught between high OEM price and mediocre print and graphic output,"}},"footer-4":{"datarc_instagram_widget-2":{"title":"INSTAFEED","itemnumber":"8"}}}